X,Y,observ,longitud,latitud,objectid,num_est,nom_est,id_trazado,long_est,ancho_est,area_est,esta_oper,eta_oper,tipo_esta,ub_est,num_acc,acc_esp,acc_depr,acc_puent,cod_nodo,cap_biart,num_vag,cap_art,globalid,created_user,created_date,last_edited_user,last_edited_date
1000325.4654,1007757.54,Valores de capacidad de buses en proceso de actualización,-74.07457455,4.66635264,624,07103,AV. Chile,TZ008,173.64,4,694.56,1,1,4,KR 30 - CL 72,2,0,0,2,7103,120,3,224,{88CDEE8D-FC67-43E6-B91B-1385BB3BD488},,,,
997610.17,1005603.8612,Valores de capacidad de buses en proceso de actualización,-74.09904645,4.64687639,625,06103,CAN,TZ016,96.48,3,289.44,1,1,4,KR 60,1,0,0,1,6103,120,2,140,{D7AC3687-AAC2-4153-801B-6DB705329D88},,,,
999866.6112,1005440.2936,Valores de capacidad de buses en proceso de actualización,-74.07871009,4.64539756,626,07106,Campín - UAN,TZ008,122.82,4,491.28,1,1,4,KR 30 - CL 53,2,0,0,2,7106,120,2,152,{992C8526-1970-4933-9EB9-826D966F6999},,,,
1000666.6399,1001625.4027,Valores de capacidad de buses en proceso de actualización,-74.07150007,4.61089909,627,10008,San Diego,TZ018,348.09,4,1392.36,1,1,4,KR 10 - CL 23,2,1,1,0,10008,144,2,144,{667C3BFD-2FBE-40E7-AC18-8D327C4F17DF},,,,
997946.3767,1011384.4599,Valores de capacidad de buses en proceso de actualización,-74.09601773,4.69915096,628,04100,Granja - Kr 77,TZ005,385,4,1540,1,1,2,KR 77 Bis,2,1,0,1,4100,144,4,248,{5BB6ECCC-FCBC-474C-8399-84E490AC3502},,,,
998184.8882,1001712.1938,Valores de capacidad de buses en proceso de actualización,-74.09386595,4.61168378,629,07111,Ricaurte - NQS,TZ008,187.96,5.3,996.188,1,1,3,KR 30 - CL 10,2,0,1,1,7111,168,3,224,{8FC1BA98-09F5-478D-B152-48EB7A49A72E},,,,
996534.9816,1012222.0875,Valores de capacidad de buses en proceso de actualización,-74.10873932,4.70672525,630,04001,Quirigua,TZ005,45.75,4,183,1,1,4,KR 94,1,0,0,1,4001,72,1,80,{0DBE9B89-0FC6-4373-9E62-1C9AA2EE2D5B},,,,
1001449.5663,1010037.2708,Valores de capacidad de buses en proceso de actualización,-74.06444284,4.68696834,631,03011,Suba - Calle 100,TZ003,89.39,4,357.56,1,1,4,AV Suba - CL 100,1,1,0,0,3011,144,2,160,{022C923E-4BDF-4C7E-84D1-8C56488B9B3A},,,,
1000688.2377,1008177.5724,Valores de capacidad de buses en proceso de actualización,-74.07130492,4.67015101,632,07102,Calle 75 - Zona M,TZ008,115.81,4,463.24,1,1,4,KR 30 - CL 75A,1,0,0,1,7102,120,2,152,{9DEDF7C6-6E14-49C4-9F40-C2FEFA46DC97},,,,
998932.2282,1010807.3933,Valores de capacidad de buses en proceso de actualización,-74.08713194,4.69393268,633,04102,AV. Boyacá,TZ005,168.15,4,672.6,1,1,4,TV 69 Bis,1,0,0,1,4102,144,2,160,{F8FF211B-E374-411B-9560-47076FCA6CA6},,,,
995275.9857,997743.587200001,Valores de capacidad de buses en proceso de actualización,-74.12007924,4.57579415,634,09100,Calle 40 Sur,TZ012,179.92,4,719.68,1,1,2,CL 38 Sur - CL 40 Sur,2,2,0,0,9100,168,3,224,{E51B4CD7-37E8-426A-BD1A-77F3CA508E05},,,,
993706.7968,1003750.885,Valores de capacidad de buses en proceso de actualización,-74.13422457,4.6301178,635,05102,AV. Américas - AV. Boyacá,TZ009,115.715,3,347.145,1,1,4,AV Americas - KR 71,1,0,0,1,5102,120,2,152,{C635CA0E-E31A-43A4-8E97-328E02869404},,,,
994157.3658,1003702.1316,Valores de capacidad de buses en proceso de actualización,-74.13016385,4.62967723,636,05103,Marsella,TZ009,173.715,3,521.145,1,1,4,AV Americas - KR 69C,1,0,0,1,5103,120,3,200,{0A92923C-6E4D-4A63-B02C-EFFD93D625A2},,,,
1000576.9977,1012805.44,Valores de capacidad de buses en proceso de actualización,-74.0723072,4.71200123,637,03006,Niza - Calle 127,TZ003,93.56,4,374.24,1,1,4,AV Suba - CL 127,2,2,0,0,3006,72,2,128,{B9E9D4D2-B0A5-4D76-AD3F-BF9CC7E06A53},,,,
998480.9376,1016195.128,Valores de capacidad de buses en proceso de actualización,-74.09120046,4.74265433,638,03001,La Campiña,TZ003,89.31,4,357.24,1,1,4,AV Suba - KR 98A,1,1,0,0,3001,144,3,208,{B7B2885F-F715-4588-9D42-7AEE4261FDA7},,,,
991726.9786,1004201.8933,Valores de capacidad de buses en proceso de actualización,-74.15206784,4.63419465,639,05005,Transversal 86,TZ009,115.71,3,347.13,1,1,4,AV Americas - TV 86,1,0,0,1,5005,96,2,144,{9CAA719F-5ECC-4668-BAD9-3CBE2C54262C},,,,
998647.097,1004213.8371,Valores de capacidad de buses en proceso de actualización,-74.08970085,4.63430649,640,06106,Corferias,TZ016,106.07,4,424.28,1,1,4,KR 43,1,1,0,0,6106,120,2,132,{08B982AB-D3FA-4832-A51B-977A425F62B6},,,,
998066.4518,1000881.423,Valores de capacidad de buses en proceso de actualización,-74.09493313,4.60417101,641,07201,Guatoque - Veraguas,TZ007,103.8,4,415.2,1,1,4,KR 27,1,1,0,0,7201,108,2,132,{08CAFCD0-4C31-4887-BB5D-54547C852B95},,,,
998175.6242,1002204.5444,Valores de capacidad de buses en proceso de actualización,-74.09394954,4.61613616,642,12002,CDS - Carrera 32,TZ009,96.43,4,385.72,1,1,4,AV Americas - KR 32,2,2,0,0,12002,48,2,120,{598F45A6-20BC-49D5-9AFA-FDA33E286C0F},,,,
999332.1054,1003834.4164,Valores de capacidad de buses en proceso de actualización,-74.08352723,4.63087543,643,06107,Ciudad Universitaria - Lotería de Bogotá,TZ016,130.67,4,522.68,1,1,4,KR 34,2,1,0,1,6107,120,2,140,{5BA38104-1E28-430E-975D-0B2A26C91386},,,,
999798.25,1004525.0638,Valores de capacidad de buses en proceso de actualización,-74.07932618,4.63712105,644,07107,Universidad Nacional,TZ008,188.03,4.43333333,833.59966667,1,1,4,KR 30 - CL 45,2,0,0,2,7107,180,3,232,{259767FC-4DE6-4B34-9971-D97CB3DAF813},,,,
996531.1357,1007270.1501,Valores de capacidad de buses en proceso de actualización,-74.108772,4.66194444,645,06100,Avenida Rojas - UNISALESIANA,TZ016,177.17,3,531.51,1,1,4,CL 26 - KR 69 D,1,0,0,1,6100,120,3,200,{A0F3EA8E-C638-4AD7-8B63-19A8864839FB},,,,
999297.7853,1000213.933,Valores de capacidad de buses en proceso de actualización,-74.08383625,4.59813501,646,09109,Tercer Milenio,TZ001,184,3.5,644,1,3,4,CL 8 - CL 6,2,2,0,0,9109,120,3,200,{31D21176-1221-41E2-A9F2-17AEBB9B8EFB},,,,
999691.3399,1003293.8847,Valores de capacidad de buses en proceso de actualización,-74.08028966,4.62598737,647,06108,Concejo de Bogotá,TZ016,122.88,4,491.52,1,1,4,CL 38,1,1,0,0,6108,120,2,140,{3A6E594B-CC87-4005-BEBD-7C9EAE6BC2EA},,,,
994868.2174,999735.768200001,Valores de capacidad de buses en proceso de actualización,-74.12375508,4.59380944,648,07007,NQS - Calle 38A S,TZ010,153.95,4,615.8,1,1,4,Autosur - KR 39A,1,0,0,1,7007,72,2,140,{2290C749-E58E-4AAC-8A0B-0C9127ED60AE},,,,
999980.1899,1006755.9617,Valores de capacidad de buses en proceso de actualización,-74.07768646,4.65729528,649,07104,7 de Agosto,TZ008,123.23,4,492.92,1,1,4,KR 30 - CL 63,1,0,0,1,7104,120,2,140,{93BA0224-1276-4F2F-A308-DD35C17075EA},,,,
999638.1877,1009941.3334,Valores de capacidad de buses en proceso de actualización,-74.08076896,4.68610088,650,04104,AV. 68,TZ005,144,4,576,1,1,4,KR 68D,1,0,0,1,4104,144,2,152,{4EE92D50-A4EF-4F07-B528-F45164CC5EDF},,,,
996218.9404,1003499.9527,Valores de capacidad de buses en proceso de actualización,-74.11158411,4.62785005,651,05107,Distrito Grafiti,TZ009,115.715,3,347.145,1,1,4,Americas - KR 53A,1,0,0,1,5107,120,2,152,{E3B652CB-C75E-4D38-A421-42F86EBEE171},,,,
1001461.1601,1008178.87,Valores de capacidad de buses en proceso de actualización,-74.06433866,4.67016265,652,04108,Polo - FINCOMERCIO,TZ005,220,4,880,1,1,4,TV 27,1,0,0,1,4108,168,3,192,{FFD89458-4A42-48A5-A015-BC2A8A44445B},,,,
998751.2769,1000396.6416,Valores de capacidad de buses en proceso de actualización,-74.08876139,4.5997872,653,07200,Tygua - San José,TZ007,121.67,4,486.68,1,1,4,KR 18,2,2,0,0,7200,96,2,132,{5BE7C3B8-DAB4-48C5-9735-1BC75AFEFF70},,,,
998266.3619,1004567.3779,Valores de capacidad de buses en proceso de actualización,-74.09313226,4.63750353,654,06105,Quinta Paredes,TZ016,96.49,3,289.47,1,1,4,KR 47,1,0,0,1,6105,120,2,140,{2F1D2C49-88FE-4C4C-A524-365F4CA41A47},,,,
997321.4367,1006044.917,Valores de capacidad de buses en proceso de actualización,-74.10164882,4.65086482,655,06102,Salitre - El Greco,TZ016,96.48,3,289.44,1,1,4,KR 66,1,0,0,1,6102,120,2,140,{FE69B635-951A-48F7-88CA-0ADB6D8B219F},,,,
997650.0646,1002667.7948,Valores de capacidad de buses en proceso de actualización,-74.09868611,4.62032526,656,12007,Zona Industrial,TZ009,96.29,4,385.16,1,1,4,CL 13 - KR 38,2,2,0,0,12007,48,2,120,{358F0BE7-66C2-4538-91BA-4D29438DE5B6},,,,
987169.4532,999555.658299999,Valores de capacidad de buses en proceso de actualización,-74.19313531,4.59217281,657,07505,León XIII,TZ011,89.5,4,358,1,1,4,Soacha,1,0,0,1,7505,72,2,152,{0A840F23-9FB9-45DF-AC3D-7219183BA657},,,,
998663.42,1002291.4202,Valores de capacidad de buses en proceso de actualización,-74.08955344,4.61692188,658,07110,Paloquemao,TZ008,122.85,4,491.4,1,1,4,KR 30 - CL 19,1,0,0,1,7110,120,2,152,{F0096745-676E-4006-8A1B-CF3393046C7F},,,,
996997.5156,1011994.4042,Valores de capacidad de buses en proceso de actualización,-74.10457027,4.70466646,659,04002,Carrera 90,TZ005,142.15,4,568.6,1,1,4,KR 90,1,0,0,1,4002,144,2,160,{0DA9D43E-A47D-4E85-8AE6-CA90C0726D4B},,,,
997888.518,1005156.3994,Valores de capacidad de buses en proceso de actualización,-74.09653771,4.64283002,660,06104,Gobernación,TZ016,96.49,3,289.47,1,1,4,KR 54,1,0,0,1,6104,120,2,140,{6F82F433-1F3F-4BB9-A96F-D675112E624C},,,,
986460.6276,999200.7971,Valores de capacidad de buses en proceso de actualización,-74.19952261,4.5889627,661,07504,Terreros - Hospital Cardio Vascular,TZ011,89.5,4,358,1,1,4,Soacha,1,0,0,1,7504,144,3,212,{E58824EF-9651-4984-9A90-C2C62F022047},,,,
1000854.9664,1008772.9456,Valores de capacidad de buses en proceso de actualización,-74.06980215,4.67553501,662,04107,Escuela Militar,TZ005,122,4,488,1,1,4,KR 40,1,0,0,1,4107,120,2,152,{273730CC-1C03-4961-A802-EE2120381DE1},,,,
992921.9267,1003833.4299,Valores de capacidad de buses en proceso de actualización,-74.14129817,4.63086366,663,05101,Mandalay,TZ009,115.705,3,347.115,1,1,4,AV Americas KR 73,1,0,0,1,5101,96,2,144,{E2DFD4D8-9985-4B08-92FE-4C3B90E42CA0},,,,
997472.4294,1011752.9198,Valores de capacidad de buses en proceso de actualización,-74.10028965,4.70248285,664,04003,AV. Cali,TZ005,142.15,4,568.6,1,1,2,KR 86,1,0,0,1,4003,144,2,160,{1D862D01-74E7-4047-BBD2-2774373E446D},,,,
998947.7903,1015784.0275,Valores de capacidad de buses en proceso de actualización,-74.08699228,4.73893679,665,03002,Suba - TV. 91,TZ003,273.89,4,1095.56,1,1,4,AV Suba KR 90,2,1,0,1,3002,96,4,168,{651F9F95-C4BF-49C0-BF89-CA072BC3139A},,,,
998560.9895,1001859.723,Valores de capacidad de buses en proceso de actualización,-74.0904765,4.61301798,666,12003,Ricaurte - CL 13,TZ009,184.2,4,736.8,1,1,3,CL 13 - KR 28,2,1,1,0,12003,120,6,192,{0B062412-92ED-4299-98B7-EDE405CB3C73},,,,
997345.5945,998413.051100001,Valores de capacidad de buses en proceso de actualización,-74.10142878,4.58184906,667,09104,Restrepo,TZ012,120.17,4,480.68,1,1,4,CL 19 Sur - AV 1 De M,2,2,0,0,9104,72,2,128,{2C5764C2-59F3-4CAE-9110-4464F98F600F},,,,
1002768.045,1013088.2665,Valores de capacidad de buses en proceso de actualización,-74.05255829,4.71455843,668,02201,Prado,TZ002,148,4,592,1,1,4,CL 128 B,1,0,0,1,2201,72,3,176,{F89C2540-3D20-4D68-86AA-DE140D847170},,,,
1003764.6779,1019088.519,Valores de capacidad de buses en proceso de actualización,-74.04357255,4.76881876,669,02502,Terminal,TZ002,48.79,3,146.37,1,1,4,CL 190,1,0,0,1,2502,72,1,80,{099A93A7-5395-4842-A80D-CAB1FA280A3A},,,,
1002051.3147,1008824.0963,Valores de capacidad de buses en proceso de actualización,-74.05901952,4.67599737,670,02302,Virrey,TZ002,193.28,4,773.12,1,1,4,CL 90,1,0,0,1,2302,144,3,208,{2EB6922F-5943-4D19-8120-75AD472DD770},,,,
1003356.2853,1016585.6123,Valores de capacidad de buses en proceso de actualización,-74.04725485,4.74618498,671,02101,Toberin - Foundever,TZ002,335,3.6,1206,1,1,4,CL 165,1,0,0,1,2101,216,5,336,{ECDFF31F-9E6D-43CD-BE7C-F9FC5843B32E},,,,
1002462.9467,1011271.228,Valores de capacidad de buses en proceso de actualización,-74.0553088,4.69812689,672,02204,Pepe Sierra,TZ002,104.62,4,418.48,1,1,4,CL 116,1,0,0,1,2204,72,2,128,{2A155227-8833-46B6-9918-23532227A3BB},,,,
1002196.3279,1009703.4531,Valores de capacidad de buses en proceso de actualización,-74.0577123,4.68394944,673,02300,Calle 100 - Marketmedios,TZ002,203.61,4,814.44,1,1,4,CL 97,2,0,0,2,2300,168,3,224,{8A0C2EA4-6EEB-4D2B-8616-F5A597098C16},,,,
1002995.9806,1014447.5094,Valores de capacidad de buses en proceso de actualización,-74.05050333,4.72685009,674,02105,Calle 142,TZ002,221.09,3,663.27,1,1,4,CL 142,1,0,0,1,2105,48,4,132,{B5B0F3FB-5582-4F60-82CA-3841B6E22C3B},,,,
1003490.5027,1017518.6953,Valores de capacidad de buses en proceso de actualización,-74.04604465,4.75462286,675,02000,Portal Norte – Unicervantes,TZ002,365.66,0,0,1,1,1,CL 173,1,0,0,1,2000,78,1,132,{29253416-B095-4BB5-8886-4749F4DD1517},,,,
1003668.0639,1018482.2801,Valores de capacidad de buses en proceso de actualización,-74.0444437,4.76333655,676,02001,Calle 187,TZ002,40.9,3,122.7,1,1,4,CL 184,1,0,0,1,2001,72,1,80,{323AFFF7-FD27-4654-ABF0-9F741FED51E0},,,,
1002889.961,1013818.0856,Valores de capacidad de buses en proceso de actualización,-74.05145916,4.7211582,677,02200,Alcalá – Colegio S. Tomás Dominicos,TZ002,205.19,4,820.76,1,1,4,CL 137,2,0,0,2,2200,168,3,224,{178C288B-32B3-45A7-BB95-2C0F3895A233},,,,
1003072.7471,1014894.3708,Valores de capacidad de buses en proceso de actualización,-74.04981123,4.73089106,678,02104,Calle 146,TZ002,86.3,4,345.2,1,1,4,CL 146,1,0,0,1,2104,72,3,176,{2D124533-077D-4F9F-9BE5-80B4F7E6BE1D},,,,
1002583.1499,1011991.4228,Valores de capacidad de buses en proceso de actualización,-74.05422516,4.70463964,679,02202,Calle 127,TZ002,104.57,4,418.28,1,1,4,CL 127,1,0,0,1,2202,72,2,128,{D604EA92-2242-49D8-BB39-4164AE62DDB3},,,,
1001908.1604,1007954.7726,Valores de capacidad de buses en proceso de actualización,-74.06030995,4.66813603,680,02304,Héroes,TZ002,167.4,4,669.6,1,1,4,CL 80,1,0,0,1,2304,96,3,168,{FC726C2C-58F2-4134-9A17-9DECA4818013},,,,
1003273.5992,1016113.4595,Valores de capacidad de buses en proceso de actualización,-74.04800035,4.7419153,681,02102,Calle 161,TZ002,172.62,3,517.86,1,1,4,CL 160,1,0,0,1,2102,0,4,96,{0DB48CE9-8964-4E5A-A411-48C7FEB37D4D},,,,
1002366.0362,1010702.3606,Valores de capacidad de buses en proceso de actualización,-74.05618243,4.6929826,682,02205,Calle 106 - Maletas Explora,TZ002,209.14,3,627.42,1,1,4,CL 106,1,0,0,1,2205,120,4,128,{621A3D60-D0B5-4C4F-92CF-6A29D588E20E},,,,
1003137.6311,1015303.2487,Valores de capacidad de buses en proceso de actualización,-74.04922624,4.73458855,683,02103,Mazurén,TZ002,172.63,3.2,552.416,1,1,4,CL 152,1,0,0,1,2103,72,5,176,{2D651DFB-B495-4CD6-A3E6-EF9DC5BCB8B9},,,,
1001068.4401,1003898.2245,Valores de capacidad de buses en proceso de actualización,-74.06787872,4.63145241,684,09117,Calle 45 - American School Way,TZ001,182.54,3.5,638.89,1,1,4,CL 45 - CL 42A,2,2,0,0,9117,120,3,200,{50BA7DE8-85DE-45EA-AE6A-4B23E8C97672},,,,
1000009.5967,1009466.2594,Valores de capacidad de buses en proceso de actualización,-74.07742142,4.68180475,685,04105,Carrera 53,TZ005,45.75,4,183,1,1,4,KR 53,1,0,0,1,4105,72,1,80,{67A41BDC-02F5-4470-B0C0-121EEF265E86},,,,
1001449.5534,1008781.3744,Valores de capacidad de buses en proceso de actualización,-74.06444317,4.67561116,686,07101,La Castellana,TZ008,164.3,4,657.2,1,1,4,KR 30 KR 24,1,0,0,1,7101,72,4,160,{A76F219A-084F-4BFA-8774-CB803B50446B},,,,
998202.1716,997870.1011,Valores de capacidad de buses en proceso de actualización,-74.0937094,4.57693931,687,10002,AV. 1 Mayo,TZ018,217.32,4,869.28,1,1,2,AV 1 De Mayo Con KR 7,2,2,0,0,10002,168,3,216,{A18AF6FB-191E-456F-990A-CE3B35A77AC1},,,,
999513.2793,1001019.6378,Valores de capacidad de buses en proceso de actualización,-74.08189427,4.6054211,688,14001,De La Sabana,TZ009,96.47,4,385.88,1,1,4,CL 13 - KR 16,2,2,0,0,14001,48,2,120,{CFB2B265-A8FD-4B97-8475-309293FB3A6E},,,,
987726.885,999823.289100001,Valores de capacidad de buses en proceso de actualización,-74.18811218,4.59459382,689,07506,La Despensa,TZ011,89.5,4,358,1,1,4,Soacha,1,0,0,1,7506,72,2,152,{F49C22FF-8BAE-41A0-ACCC-344A407E87B4},,,,
1001713.1396,1006860.1777,Valores de capacidad de buses en proceso de actualización,-74.06206786,4.65823755,690,09122,Calle 72,TZ001,183.63,4,734.52,1,3,4,CL 72 - CL 70A,2,2,0,0,9122,0,3,0,{DCD7B4A0-11E7-4914-BD67-A478301D429F},,,,
1000131.7456,1002683.2122,Valores de capacidad de buses en proceso de actualización,-74.07632059,4.62046499,691,06109,Centro Memoria,TZ016,130.01,4,520.04,1,1,4,KR 20,2,2,0,0,6109,120,2,140,{B99A56BA-E706-4A5B-BDAD-26F4115F877A},,,,
997344.7369,1002939.4235,Valores de capacidad de buses en proceso de actualización,-74.10143788,4.62278154,692,12001,Carrera 43 - Comapan,TZ009,96.45,4,385.8,1,1,4,AV Americas - KR 43,2,2,0,0,12001,48,2,120,{24588D37-3990-42EB-8EA3-39E36B55C87D},,,,
994854.7443,996022.210200001,Valores de capacidad de buses en proceso de actualización,-74.12387433,4.5602273,693,09002,Consuelo,TZ012,81.57,4,326.28,1,1,4,KR 11A - KR 10C,1,1,0,0,9002,72,2,120,{4338B4D6-314C-41C0-AA14-317498DE8561},,,,
999677.9816,1000737.1877,Valores de capacidad de buses en proceso de actualización,-74.08040995,4.60286688,694,09110,AV. Jiménez - Caracas,TZ001,180.33,3.5,631.155,1,1,3,CL 13 - CL 11,2,1,1,0,9110,96,3,192,{EE40D368-4BB3-48BE-922A-491ABBD877AF},,,,
997519.6011,1000890.1705,Valores de capacidad de buses en proceso de actualización,-74.09986137,4.60424998,695,07112,Comuneros,TZ010,130.16,4,520.64,1,1,4,KR 30 - CL 6A,2,1,0,1,7112,108,2,144,{CC73317E-35CC-4D80-9D23-DB9348465D42},,,,
996877.882,1006730.7856,Valores de capacidad de buses en proceso de actualización,-74.10564666,4.65706705,696,06101,El Tiempo – Cámara de Comercio de Bogotá,TZ016,96.48,3,289.44,1,1,4,KR 68D,1,0,0,1,6101,120,2,120,{35F21613-6A72-4978-9D76-36AFD0AD6493},,,,
990918.7351,1004612.5863,Valores de capacidad de buses en proceso de actualización,-74.15935249,4.63790778,697,05002,Biblioteca Tintal,TZ009,199.2,4.5,896.4,1,1,4,AV Cali - CL 26 Sur,2,2,0,0,5002,144,2,160,{6366CF6A-8B17-4E3C-B57B-48538DFC4AD7},,,,
998574.786,998379.124600001,Valores de capacidad de buses en proceso de actualización,-74.0903516,4.58154254,698,10003,Ciudad Jardín - UAN,TZ018,108.28,4,433.12,1,1,4,KR 10 - CL 12 Sur,1,1,0,0,10003,120,2,144,{75C75616-85E3-4924-B355-4385F7B29816},,,,
999519.8015,999758.973300001,Valores de capacidad de buses en proceso de actualización,-74.08183542,4.59402077,699,10005,Bicentenario,TZ018,183.26,4,733.04,1,1,2,KR 10 - CL 5,1,0,0,1,10005,168,3,216,{4D9D68B3-7B78-4799-9433-736648B745C8},,,,
1001295.9355,1005173.1457,Valores de capacidad de buses en proceso de actualización,-74.06582826,4.64298162,700,09119,Temporal Calle 57,TZ001,150.39,3.5,526.365,1,1,4,CL 57 - CL 54,2,2,0,0,9119,120,2,200,{F60E7668-EACA-48D8-9E3A-3EF5452A79C6},,,,
994131.9327,997136.501499999,Valores de capacidad de buses en proceso de actualización,-74.13038868,4.57030352,701,08002,Biblioteca,TZ014,45.68,0,0,1,1,4,CL 48A Sur,1,1,0,0,8002,24,1,36,{7CA09A1D-2C80-47B1-9031-D0B4707FC323},,,,
999736.956,1003811.5218,Valores de capacidad de buses en proceso de actualización,-74.07987857,4.63066841,702,07108,AV. ElDorado,TZ008,48.1,4,192.4,1,1,4,KR 30 AV 28,1,0,0,1,7108,120,2,140,{F78EDE74-ECA6-4E43-A0E3-FE0D85B3C8B2},,,,
1000593.5798,1002261.5178,Valores de capacidad de buses en proceso de actualización,-74.07215846,4.61665155,703,09114,Calle 26,TZ001,182.52,3.5,638.82,1,2,4,AV Calle 28 - CL 2,2,2,0,0,9114,0,3,0,{77A99556-E940-48E6-8999-E872864D9A1B},,,,
993701.4483,999786.774499999,Valores de capacidad de buses en proceso de actualización,-74.13426993,4.59426993,704,07005,Alquería,TZ010,89.25,4,357,1,1,4,Autosur - KR 48,1,0,0,1,7005,72,2,132,{7FD49F39-AC89-465D-81E4-DCA01E57B876},,,,
988491.1535,1000076.8629,Valores de capacidad de buses en proceso de actualización,-74.181225,4.59688795,705,07010,Bosa,TZ010,126.08,4,504.32,1,1,4,Soacha,2,0,0,2,7010,120,2,152,{23AA251B-55EA-4A49-8E50-BA2D18F9FDE8},,,,
999259.5341,1003009.5124,Valores de capacidad de buses en proceso de actualización,-74.08418121,4.62341573,706,07109,CAD,TZ008,130.07,4,520.28,1,1,4,KR 30 - CL 26,2,0,0,2,7109,120,2,152,{CC9EB24C-A4EA-4EC8-9D3C-538ED6D1241F},,,,
992425.7477,1003881.1234,Valores de capacidad de buses en proceso de actualización,-74.14576996,4.63129454,707,05100,Banderas,TZ009,536.19,0,0,1,1,2,AV Americas - KR 78,2,0,0,2,5100,288,4,320,{BBE457C1-3F81-4BB3-9437-CA5C31DCA52F},,,,
1000070.8203,1001289.8445,Valores de capacidad de buses en proceso de actualización,-74.07686968,4.60786462,708,09111,Calle 19,TZ001,182.49,3.5,638.715,1,3,4,CL 19 - CL 17,2,2,0,0,9111,120,3,200,{F44B08F5-40A7-4CD9-8857-BD0B59B9A082},,,,
999824.1387,1000757.7963,Valores de capacidad de buses en proceso de actualización,-74.07909278,4.60305325,709,14003,AV. Jiménez - CL 13,TZ015,124.6,0,0,1,1,3,CL 13 - Caracas,1,1,0,0,14003,120,5,152,{CF2B6117-5A42-44E9-9CB5-DA23011674EF},,,,
999905.1838,1005953.6443,Valores de capacidad de buses en proceso de actualización,-74.07836246,4.65003985,710,07105,Movistar Arena,TZ008,122.82,4,491.28,1,1,4,KR 30 - CL 57,1,0,0,1,7105,120,2,152,{D42C2D37-741D-42C7-8D78-87F5641D9424},,,,
1000977.6749,1003394.4983,Valores de capacidad de buses en proceso de actualización,-74.06869679,4.62689718,711,09116,AV. 39,TZ001,184,3.5,644,1,3,4,AV 39 - AV Calle,2,2,0,0,9116,120,3,192,{AECCCF52-FBE2-455D-B3E3-0ED5396986A0},,,,
1001802.623,1007390.0762,Valores de capacidad de buses en proceso de actualización,-74.06126126,4.66302945,712,09123,Calle 76 - San Felipe,TZ001,182.25,3.5,637.875,1,1,4,CL 76 - CL 74,2,2,0,0,9123,120,3,200,{86FD53F3-A40C-4C50-ACF1-D653347DE982},,,,
1001402.1905,1005772.7591,Valores de capacidad de buses en proceso de actualización,-74.06487053,4.64840397,713,09120,Calle 63,TZ001,187.6,3.5,656.6,1,3,4,CL 63 - CL 60,2,2,0,0,9120,0,3,0,{210265F2-74C5-4AC9-96D7-1B81677556C2},,,,
1001982.0787,1008416.6471,Valores de capacidad de buses en proceso de actualización,-74.05964363,4.67231279,714,02303,Calle 85,TZ002,216.42,4,865.68,1,1,4,CL 85,1,0,0,1,2303,120,4,200,{76B77DC3-C5DE-4DD6-9F01-9FC58064FA28},,,,
995520.0645,999845.096799999,Valores de capacidad de buses en proceso de actualización,-74.11788075,4.59479847,715,07008,NQS - Calle 30 S,TZ010,89.62,4,358.48,1,1,4,Autosur - DG 26 Sur,1,1,0,0,7008,72,2,160,{C4900383-3589-4E4A-A3A7-26C6FF2A5598},,,,
997655.6728,997259.4209,Valores de capacidad de buses en proceso de actualización,-74.09863413,4.57141673,716,10001,Country Sur,TZ018,115.31,4,461.24,1,1,4,KR 10 - CL 28 Sur,2,2,0,0,10001,120,2,144,{252EAE5A-928E-4517-9098-B8016CB9465C},,,,
1000471.8926,1009018.5148,Valores de capacidad de buses en proceso de actualización,-74.07325476,4.67775575,717,04106,Carrera 47,TZ005,155,4,620,1,1,4,KR 46,1,1,0,0,4106,144,2,160,{6E191698-F849-4B58-B023-1136BF7A274D},,,,
996338.9612,1012565.3692,Valores de capacidad de buses en proceso de actualización,-74.11050627,4.70982949,718,04000,Portal 80,TZ005,281.77,0,0,1,1,1,KR 96,1,1,0,0,4000,55,1,110,{E9051354-930E-4213-A381-733D35054EED},,,,
996686.9924,998088.6446,Valores de capacidad de buses en proceso de actualización,-74.10736382,4.57891519,719,09103,Olaya,TZ012,76.82,4,307.28,1,1,4,CL 24 Sur - CL 27 Sur,1,1,0,0,9103,120,3,176,{42DE452D-4155-4A6A-B678-25B0F235D789},,,,
995081.8268,995672.4559,Valores de capacidad de buses en proceso de actualización,-74.12182779,4.55706456,720,09001,Molinos,TZ012,108.12,4,432.48,1,1,2,KR 9A,2,1,0,1,9001,144,2,160,{0A966495-888E-4F89-93F7-8297F2FBFC63},,,,
998178.2252,998903.528000001,Valores de capacidad de buses en proceso de actualización,-74.09392542,4.58628471,721,09106,Nariño,TZ012,88.49,4,353.96,1,1,4,CL 8 Sur - CL 11 Sur,1,1,0,0,9106,48,2,96,{1C6915D1-74E0-4A6F-8625-FA78A43FF4EA},,,,
1000308.9303,1014514.4369,Valores de capacidad de buses en proceso de actualización,-74.07472334,4.72745584,722,03004,Gratamira,TZ003,89.35,4,357.4,1,1,4,AV Suba - CL 135,1,0,0,1,3004,48,2,96,{E25E34DA-F746-4024-AEFC-D0F3A2FA611C},,,,
995431.9095,1003572.5822,Valores de capacidad de buses en proceso de actualización,-74.11867713,4.62850646,723,05105,Pradera - Plaza Central,TZ009,89.61,3,268.83,1,1,4,AV Americas - KR 64,1,0,0,1,5105,72,2,128,{F74970D5-60F3-46E3-928A-84A2646C116D},,,,
1000352.9899,1001090.8775,Valores de capacidad de buses en proceso de actualización,-74.07432675,4.60606534,724,10007,Las Nieves,TZ018,130.1,4,520.4,1,1,4,KR 10 - CL 18,2,2,0,0,10007,120,2,144,{14BAD685-EB6E-41DA-A373-E17A52FC81FC},,,,
995601.9688,1008716.6292,Valores de capacidad de buses en proceso de actualización,-74.1171471,4.67502466,725,06001,Modelia,TZ016,96.29,3,288.87,1,1,4,KR 84,1,0,0,1,6001,120,2,140,{81E019AE-0FF9-4A0A-8D9A-B547C6892EA9},,,,
995130.3683,1009446.2056,Valores de capacidad de buses en proceso de actualización,-74.12139802,4.68162203,726,06000,Portal El Dorado – C.C. Nuestro Bogotá,TZ016,706.41,0,0,1,1,1,KR 87,1,0,0,1,6000,84,1,132,{A237D38E-2B9A-42E1-B7DD-BF3315B64C82},,,,
1001608.7091,1006491.4353,Valores de capacidad de buses en proceso de actualización,-74.06300913,4.65490299,727,09121,Flores – Areandina,TZ001,109.75,3.5,384.125,1,1,4,CL 69 - CL 67,2,2,0,0,9121,72,2,120,{C2DFEA88-2BAD-4569-8D65-05178D2CC5C9},,,,
1000510.373,1000547.663,Valores de capacidad de buses en proceso de actualización,-74.07290843,4.60115298,728,14004,Museo del Oro,TZ015,55.63,0,0,1,1,4,KR 2,2,2,0,0,14004,72,1,72,{16FA0FDC-A491-4188-9F15-303C06921CDF},,,,
994225.7454,999707.249399999,Valores de capacidad de buses en proceso de actualización,-74.12954496,4.59355114,729,07006,General Santander,TZ010,122.8,0,0,1,1,2,Autosur - KR 43,1,0,0,1,7006,192,3,212,{7CBD3916-4C5A-46C9-95E0-74D13B16DFF8},,,,
997836.0581,996629.2554,Valores de capacidad de buses en proceso de actualización,-74.09700841,4.56571812,730,10000,Portal 20 de Julio,TZ018,489.11,0,0,1,1,1,KR 5 A CL 33 Sur,1,1,0,0,10000,130,1,220,{16548DE9-46F8-4D04-8D2B-9888F6549555},,,,
1000702.697,1012218.0961,Valores de capacidad de buses en proceso de actualización,-74.07117427,4.70668982,731,03007,Humedal Córdoba,TZ003,89.4,4,357.6,1,1,4,AV Suba - CL 119,1,1,0,0,3007,48,2,108,{F0825DA2-7A88-4548-8AEE-F0AEC3A1ACBF},,,,
993574.2086,996917.93,Valores de capacidad de buses en proceso de actualización,-74.13541451,4.56832656,732,08001,Parque,TZ014,45.66,0,0,1,1,4,CL 55 Sur,2,2,0,0,8001,24,1,36,{68828E79-D7EF-4880-B6F8-DEC08385F0A6},,,,
998944.8714,998884.8378,Valores de capacidad de buses en proceso de actualización,-74.08701654,4.58611582,733,10004,Policarpa,TZ018,123.68,4,494.72,1,1,4,KR 10 - CL 3 Sur,2,2,0,0,10004,120,2,144,{7B5DEC64-2B41-4060-BADA-5BE3D2D253E8},,,,
1000919.6691,1002105.9719,Valores de capacidad de buses en proceso de actualización,-74.06921969,4.6152449,734,10009,Museo Nacional,TZ019,123.83,0,0,1,1,4,KR 7 - CL 32,1,0,1,0,10009,96,2,144,{84FF1221-F7E2-4C41-A918-819384B78087},,,,
999032.5739,999872.848200001,Valores de capacidad de buses en proceso de actualización,-74.08622629,4.59505052,735,09108,Hospital,TZ012,92.37,4,369.48,1,3,4,CL 4 - CL 2,2,2,0,0,9108,0,2,96,{AC0E7618-8DBB-419A-B435-EE52B2217419},,,,
996030.9927,1008051.3494,Valores de capacidad de buses en proceso de actualización,-74.11328003,4.66900868,736,06002,Normandía,TZ016,106.03,3,318.09,1,1,4,KR 73A,1,0,0,1,6002,120,2,140,{505B6C05-54E7-4B6A-8ADD-318794F1E485},,,,
990294.8873,999954.9641,Valores de capacidad de buses en proceso de actualización,-74.16496973,4.59578778,737,07001,Perdomo,TZ010,99.24,4,396.96,1,1,4,Autosur - KR 78C,1,0,0,1,7001,72,2,128,{14996742-4A24-4347-AB25-FA14863B07C9},,,,
998586.5223,999408.052300001,Valores de capacidad de buses en proceso de actualización,-74.090246,4.59084725,738,09107,Hortúa,TZ012,100.45,4,401.8,1,1,4,CL 1 Sur - CL 3 Sur,2,2,0,0,9107,72,2,120,{A8B02A13-9B15-4746-BCE3-618BA8A0800E},,,,
995352.0758,992869.206599999,Valores de capacidad de buses en proceso de actualización,-74.11939099,4.53171458,739,09000,Portal Usme,TZ013,402.9,0,0,1,1,1,CL 65C Sur,1,1,0,0,9000,78,1,132,{76CA460D-24C9-453E-9BE5-C5992F943BB1},,,,
999212.9988,1010470.4748,Valores de capacidad de buses en proceso de actualización,-74.08460127,4.69088593,740,04103,Ferias,TZ005,45.75,4,183,1,1,4,TV 67 Bis,1,0,0,1,4103,72,1,80,{366F2B75-D0D7-40B7-94BA-E9D1682A8494},,,,
1001189.4601,1004573.507,Valores de capacidad de buses en proceso de actualización,-74.06678795,4.63755905,741,09118,Temporal Marly,TZ001,176.19,3.5,594.44,1,1,4,CL 51 - CL 49,2,2,0,0,9118,120,3,200,{D5FFA99F-D4C3-43E5-B9CE-708FE344FAD2},,,,
990334.8367,1004089.8812,Valores de capacidad de buses en proceso de actualización,-74.16461427,4.63318028,742,05001,Patio Bonito,TZ009,199.2,4.5,896.4,1,1,4,AV Cali - CL 40 Sur,2,2,0,0,5001,144,4,160,{BD2CB5AC-FB32-43B2-BB3C-22EA694316A6},,,,
993149.6903,997055.6281,Valores de capacidad de buses en proceso de actualización,-74.1392402,4.56957146,743,08000,Portal Tunal,TZ014,323.17,0,0,1,1,1,AV Boyaca,2,2,0,0,8000,64,1,88,{17C6FF6B-F218-4AC1-8594-4089CF516476},,,,
997570.5298,998537.2842,Valores de capacidad de buses en proceso de actualización,-74.09940175,4.58297258,744,09105,Fucha,TZ012,80.04,4,320.16,1,1,4,CL 13 Sur - CL 16 Sur,1,1,0,0,9105,48,2,96,{91EABD59-BB01-4D2B-A0E4-FCC9C092AF1B},,,,
998399.5804,1011133.4993,Valores de capacidad de buses en proceso de actualización,-74.09193285,4.6968816,745,04101,Minuto de Dios,TZ005,144,4,576,1,1,4,KR 73 A,1,0,0,1,4101,144,2,152,{09E88E67-47A1-450F-80E7-1FE3B1B56C1B},,,,
989397.8264,1003669.9051,Valores de capacidad de buses en proceso de actualización,-74.17305846,4.62938131,746,05000,Portal Américas,TZ009,369.54,0,0,1,1,1,AV Cali - CL 43 Sur,1,1,0,0,5000,144,1,198,{75AC4EE7-BAC6-4492-A2C6-587183F96D2D},,,,
1001010.4813,1000705.4429,Valores de capacidad de buses en proceso de actualización,-74.06840144,4.60257976,747,14005,Las Aguas - Centro Colombo Americano,TZ015,61.73,0,0,1,1,3,KR 3,3,2,1,0,14005,48,1,72,{7FA1DF3F-49A5-442A-8716-B9830BB5BAC8},,,,
998139.423,1016655.2383,Valores de capacidad de buses en proceso de actualización,-74.0942789,4.74681507,748,03000,Portal Suba,TZ003,526.68,0,0,1,1,1,AV Suba AV Cali,1,1,0,0,3000,128,1,176,{1F0F3DD0-8CB8-491D-8947-9C0DF78251EA},,,,
1000310.2316,1013830.0812,Valores de capacidad de buses en proceso de actualización,-74.07471163,4.72126716,749,03005,Suba - AV. Boyacá,TZ003,176.75,4,707,1,1,4,AV Suba AV Boyaca,2,0,2,0,3005,48,2,96,{1B3DD523-F423-4DAF-A618-6BBE562AA423},,,,
994762.2309,997209.9903,Valores de capacidad de buses en proceso de actualización,-74.12470872,4.57096848,750,09004,Santa Lucía,TZ012,121.56,4,486.24,1,1,4,CL 46A Sur - Diagonal 4,2,2,0,0,9004,120,2,152,{3918FBF8-1567-42CC-83AE-9807298C2F73},,,,
1001146.2586,1008867.4574,Valores de capacidad de buses en proceso de actualización,-74.06717674,4.67638966,751,03014,San Martín,TZ003,89.37,4,357.48,1,1,4,AV Suba - CL 81,1,1,0,0,3014,60,2,132,{FFF94693-C4B3-4931-B371-F5C07D7FEC87},,,,
1001130.9385,1000933.9576,Valores de capacidad de buses en proceso de actualización,-74.06731585,4.60464623,752,06111,Universidades – CityU,TZ016,122.85,4,491.4,1,1,3,KR 3,2,1,1,0,6111,120,2,140,{0A5EACCB-31B5-488D-AEA5-8F543A059A33},,,,
997213.7586,1000605.439,Valores de capacidad de buses en proceso de actualización,-74.10261755,4.60167503,753,07113,Santa Isabel,TZ010,89.26,4,357.04,1,1,4,KR 30 AV 3,1,1,0,0,7113,96,2,144,{47E00D66-07A2-47FD-A08F-14DE053A31B0},,,,
1001585.4373,1009785.8437,Valores de capacidad de buses en proceso de actualización,-74.06321827,4.68469464,754,03012,Suba - Calle 95,TZ003,89.57,4,358.28,1,1,4,AV Suba - CL 97,1,1,0,0,3012,48,2,96,{C8803E6E-6C94-44B7-8A20-2427E5BD2483},,,,
996989.5052,1003258.8183,Valores de capacidad de buses en proceso de actualización,-74.10463943,4.62566974,755,12000,Puente Aranda,TZ009,89.2,4,356.8,1,1,4,CL 13 KR 47,1,1,0,0,12000,48,2,120,{E6190A06-D8DE-40FE-B36E-8967ED941750},,,,
995908.3633,997855.855699999,Valores de capacidad de buses en proceso de actualización,-74.11438051,4.57680973,756,09101,Quiroga,TZ012,86.35,4,345.4,1,1,4,CL 31 Sur - CL 32 Sur,1,1,0,0,9101,48,2,96,{440D887E-DDF8-45B9-8BA7-04E59784263C},,,,
1001142.6803,1010748.575,Valores de capacidad de buses en proceso de actualización,-74.06720874,4.69340077,757,03010,Puentelargo,TZ003,89.36,4,357.44,1,1,4,AV Suba TV 48,1,1,0,0,3010,72,2,128,{EF97864A-9AFB-416E-8A52-8924FD5F6857},,,,
1000009.4865,1000533.9996,Valores de capacidad de buses en proceso de actualización,-74.07742242,4.60102943,758,10006,San Victorino,TZ018,197.8,4,791.2,1,1,4,KR 10 - CL 12,2,2,0,0,10006,168,3,216,{A6E83DAC-6B01-49DD-A3B6-2B64357E83BB},,,,
991192.4457,1000009.3933,Valores de capacidad de buses en proceso de actualización,-74.15688105,4.59628094,759,07002,CC Paseo Villa del Río - Madelena,TZ010,89.25,4,357,1,1,4,Autosur - KR 67,1,0,0,1,7002,72,2,132,{407AF5FD-57D5-4678-8EFD-04B9ECE206D8},,,,
985802.8634,998868.939099999,Valores de capacidad de buses en proceso de actualización,-74.20544974,4.58596064,760,07503,San Mateo - CC Unisur,TZ011,123.2,4,492.8,1,1,2,Soacha,3,0,0,3,7503,192,3,232,{14E08452-BF4F-430E-B3F8-E6A4C48C8C44},,,,
992243.347,999879.4966,Valores de capacidad de buses en proceso de actualización,-74.14741029,4.59510726,761,07003,Sevillana,TZ010,99.28,4,397.12,1,1,4,Sevillana,1,0,0,1,7003,72,2,132,{4BD36C74-DEE4-44B0-8B3E-B389559CBB73},,,,
1001408.1085,1009305.5199,Valores de capacidad de buses en proceso de actualización,-74.06481662,4.68035106,762,03013,Rionegro,TZ003,89.21,4,356.84,1,1,4,AV Suba - CL 87,1,1,0,0,3013,48,2,96,{1CE7758B-5094-4F88-A536-78997B0C573B},,,,
1000850.301,1011394.4058,Valores de capacidad de buses en proceso de actualización,-74.06984394,4.69924111,763,03009,Suba - Calle 116,TZ003,96.6,4,386.4,1,1,4,AV Suba CLL 114,1,1,0,0,3009,72,2,128,{DB8A658B-76F6-4AA3-86B2-6767C747BFDB},,,,
999243.2859,999335.9778,Valores de capacidad de buses en proceso de actualización,-74.08432732,4.59019556,764,10010,San Bernardo,TZ018,115.71,4,462.84,1,1,4,KR 10 - CL 1B Sur,2,2,0,0,10010,120,2,144,{E2A35373-6994-4E4B-8C2A-490A4A9B0B7D},,,,
996323.2581,1000129.4759,Valores de capacidad de buses en proceso de actualización,-74.11064255,4.59737051,765,07009,SENA,TZ010,100.01,4,400.04,1,3,4,Autosur - CL 17 S,1,0,0,1,7009,144,2,160,{D93EA2A6-EC21-44D9-AD30-E6E503AF4642},,,,
998969.5128,1001496.703,Valores de capacidad de buses en proceso de actualización,-74.08679478,4.60973521,766,12004,San Facon Carrera 22,TZ009,130.16,4,520.64,1,1,4,AV Americas - KR 22,2,2,0,0,12004,120,2,152,{753EA252-4608-4588-80B9-D38636EDD4B6},,,,
994665.0634,996511.6525,Valores de capacidad de buses en proceso de actualización,-74.12558394,4.56465328,767,09003,Socorro,TZ012,82.4,4,329.6,1,1,4,KR 13B - KR 13C,1,1,0,0,9003,72,2,128,{78094E50-83F4-4060-9DBB-0D0FF5693DE5},,,,
999614.0764,1015404.8721,Valores de capacidad de buses en proceso de actualización,-74.08098652,4.73550811,768,03003,21 Ángeles,TZ003,94.15,4,376.6,1,1,4,AV Suba - CL 136,1,0,0,1,3003,48,2,96,{C63D4D5C-6144-4C20-A73C-CD541B7B5BF2},,,,
1000864.238,1002806.0193,Valores de capacidad de buses en proceso de actualización,-74.06971918,4.62157551,769,09115,Temporal Calle 34,TZ001,150.4,3.5,526.4,1,1,4,AV Calle 34 - CL 3,2,2,0,0,9115,120,2,200,{FAE8DE61-01BE-4C31-AB0D-1FB7204CC731},,,,
992771.66,999929.823899999,Valores de capacidad de buses en proceso de actualización,-74.14264921,4.59556283,770,07004,Venecia,TZ010,105.93,4,423.72,1,1,4,Autosur - AV 54,1,0,0,1,7004,72,2,132,{EA5822A5-2848-4425-8C57-61F537FE4743},,,,
995190.0667,994189.528100001,Valores de capacidad de buses en proceso de actualización,-74.12085159,4.54365433,873,9005,Danubio,TZ013,199.2,5,996,1,1,4,Av. Calle 51 Sur entre carrera 5 y calle 56 sur,2,2,0,0,9005,144,0,160,{F8AB6580-D1AF-485F-843C-304B802F582F},,,,
989814.6389,1000082.432,Valores de capacidad de buses en proceso de actualización,-74.16929784,4.59693995,931,07000,Portal Sur - JFK Coop. Financiera,TZ010,416.61,0,0,1,1,1,Autosur - KR 82,2,0,0,2,7000,96,1,132,{EE4EE71C-71A1-44A1-B89E-AB79C37A811E},,,,
1000218.2091,1001528.1759,Valores de capacidad de buses en proceso de actualización,-74.07554139,4.61001988,933,09113,Temporal Calle 22,TZ001,183.7,3.5,642.95,1,1,4,CL 24 - CL 22,2,2,0,0,9113,120,3,200,{178F9EE6-5856-4D43-ABF5-F82F7544EE56},,,,
